6592;amazing spider-man (1963) #199
47884;amazing spider-man (1999) #700 (4th printing variant)
6768;amazing spider-man (1963) #357
24414;amazing spider-man (1999) #607
6608;amazing spider-man (1963) #212
43167;amazing spider-man (1999) #54
6784;amazing spider-man (1963) #371
29623;amazing spider-man (1999) #602 (2nd printing variant)
6624;amazing spider-man (1963) #227
48445;amazing spider-man (1999) #22
6800;amazing spider-man (1963) #386
28227;amazing spider-man (1999) #622
6640;amazing spider-man (1963) #241
49400;amazing spider-man (2014) #1 (mcguinness variant)
48431;amazing spider-man (1999) #16
6816;amazing spider-man (1963) #40
30302;amazing spider-man (1999) #627
6656;amazing spider-man (1963) #256
35509;amazing spider-man (1999) #673
6825;amazing spider-man (1963) #408
30311;amazing spider-man (1999) #636
6665;amazing spider-man (1963) #264
2980;amazing spider-man (1999) #523
50314;amazing spider-man (2014) #7 ( pulido variant)
6505;amazing spider-man (1963) #12
40126;amazing spider-man (1999) #691
6841;amazing spider-man (1963) #422
30327;amazing spider-man (1999) #652
6681;amazing spider-man (1963) #279
17211;amazing spider-man (1999) #545 (djurdjevic variant)
51328;amazing spider-man (2014) #17
6521;amazing spider-man (1963) #134
43123;amazing spider-man (1999) #31
6857;amazing spider-man (1963) #437
35533;amazing spider-man (1999) #661
6697;amazing spider-man (1963) #293
17581;amazing spider-man (1999) #549
53384;amazing spider-man (2014) #17.1 (dell'otto variant)
6537;amazing spider-man (1963) #149
43162;amazing spider-man (1999) #49
6873;amazing spider-man (1963) #54
37173;amazing spider-man (1999) #638 (2nd printing variant)
6713;amazing spider-man (1963) #307
21322;amazing spider-man (1999) #562
6553;amazing spider-man (1963) #163
6889;amazing spider-man (1963) #69
37071;amazing spider-man (1999) #647 (mcniven variant)
6729;amazing spider-man (1963) #321
22262;amazing spider-man (1999) #574
6569;amazing spider-man (1963) #178
6905;amazing spider-man (1963) #83
36663;amazing spider-man (1999) #643 (jimenez variant)
6745;amazing spider-man (1963) #336
23569;amazing spider-man (1999) #585
6585;amazing spider-man (1963) #192
6921;amazing spider-man (1963) #98
40139;amazing spider-man (1999) #678
6761;amazing spider-man (1963) #350
24407;amazing spider-man (1999) #600
6601;amazing spider-man (1963) #206
41087;amazing spider-man (1999) #674 (mc 50th anniversary variant)
6777;amazing spider-man (1963) #365
24423;amazing spider-man (1999) #616
6617;amazing spider-man (1963) #220
40125;amazing spider-man (1999) #694
6793;amazing spider-man (1963) #38
27875;amazing spider-man (1999) #601 (70th frame variant)
6633;amazing spider-man (1963) #235
47980;amazing spider-man (2014) #1.1
35528;amazing spider-man (1999) #667
6809;amazing spider-man (1963) #394
29546;amazing spider-man (1999) #615 (variant edition)
6649;amazing spider-man (1963) #25
530;amazing spider-man (1999) #510
45803;amazing spider-man (2014) #4
6489;amazing spider-man (1963) #105
30304;amazing spider-man (1999) #629
6658;amazing spider-man (1963) #258
1762;amazing spider-man (1999) #518
45806;amazing spider-man (2014) #7
6498;amazing spider-man (1963) #113
35507;amazing spider-man (1999) #675
6834;amazing spider-man (1963) #416
30320;amazing spider-man (1999) #645
6674;amazing spider-man (1963) #272
4431;amazing spider-man (1999) #534
53056;amazing spider-man (2014) #12 (in variant)
6514;amazing spider-man (1963) #128
42641;amazing spider-man (1999) #691 (lizard variant)
6850;amazing spider-man (1963) #430
32245;amazing spider-man (1999) #612 (2nd printing variant)
6690;amazing spider-man (1963) #287
16447;amazing spider-man (1999) #544
51330;amazing spider-man (2014) #18
6530;amazing spider-man (1963) #142
43147;amazing spider-man (1999) #43
6866;amazing spider-man (1963) #48
33328;amazing spider-man (1999) #632 (heroic age variant)
6706;amazing spider-man (1963) #300
20963;amazing spider-man (1999) #556
56237;all-new x-men (2015) #8
48530;all-new x-men (2012) #27
60520;all-new x-men (2015) #19
51301;all-new x-men (2012) #41
53306;all-new x-men (hardcover)
47630;all-new x-men (2012) #7 (2nd printing variant)
43486;all-new x-men (2012) #21
49550;all-new x-men (2012) #22 (keown sketch variant)
56231;all-new x-men (2015) #2
48528;all-new x-men (2012) #25
60052;all-new x-men (2015) #11 (bagley death of x variant)
51289;all-new x-men (2012) #34
46924;all-new x-men (2012) #6 (x-&#8203
51167;all-new x-men annual (2014) #1
51303;all-new x-men annual (2014) #1 (nguyen variant)
60037;all-new x-men annual (2016) #1
49157;all-new x-men special (2013) #1
45797;all-new x-men vol. 1: yesterday's x-men (hardcover)
45796;all-new x-men vol. 1: yesterday's x-men tpb (marvel now) (trade paperback)
45775;all-new x-men vol. 2: here to stay (hardcover)
45774;all-new x-men vol. 2: here to stay tpb (trade paperback)
53307;all-new x-men vol. 3 (hardcover)
45776;all-new x-men vol. 3: out of their depth (trade paperback)
45777;all-new x-men vol. 3: out of their depth premiere hc (marvel now, with digital code) (hardcover)
55297;all-new x-men vol. 4 (hardcover)
48247;all-new x-men vol. 4: all-different premiere hc (hardcover)
49284;all-new x-men vol. 5: one down (hardcover)
48722;all-new x-men vol. 5: one down (trade paperback)
49285;all-new x-men vol. 6: the ultimate adventure (hardcover)
48723;all-new x-men vol. 6: the ultimate adventure (trade paperback)
51284;all-new x-men vol. 7: the utopians (hardcover)
51283;all-new x-men vol. 7: the utopians (trade paperback)
47153;all-new x-men/indestructible hulk/superior spider-man: the arms of the octopus tpb (trade paperback)
61936;all-new x-men: inevitable vol. 1 - ghosts of cyclops (trade paperback)
55998;all-new x-men: inevitable vol. 2 - apocalypse wars (trade paperback)
60155;all-new x-men: inevitable vol. 3 - hell hath so much fury (trade paperback)
62095;all-new x-men: inevitable vol. 4 - ivx (trade paperback)
55362;all-new, all-different avengers (2015) #9
55361;all-new, all-different avengers (2015) #8
60196;all-new, all-different avengers (2015) #13 (anka marvel tsum tsum takeover variant)
58195;all-new, all-different avengers (2015) #5 (michael cho variant)
55364;all-new, all-different avengers (2015) #11
55359;all-new, all-different avengers (2015) #6
61205;all-new, all-different avengers (2015) #14 (mckone prostate awareness variant)
55354;all-new, all-different avengers (2015) #2
55366;all-new, all-different avengers (2015) #13
58643;all-new, all-different avengers (2015) #7 (tbd artist wop variant)
55356;all-new, all-different avengers (2015) #3
59524;all-new, all-different avengers (2015) #12 (kuder mighty men variant)
58135;all-new, all-different avengers (2015) #4 (brooks captain america 75th anniversary variant)
55360;all-new, all-different avengers (2015) #7
60053;all-new, all-different avengers (2015) #12 (nakayama death of x variant)
56448;all-new, all-different avengers (2015)
55363;all-new, all-different avengers (2015) #10
55358;all-new, all-different avengers (2015) #5
61178;all-new, all-different avengers (2015) #14 (renaud defenders variant)
55351;all-new, all-different avengers (2015) #1
55365;all-new, all-different avengers (2015) #12
60532;all-new, all-different avengers (hardcover)
58571;all-new, all-different avengers (2015) #7 (tbd artist captain america 75th anniversary variant)
55353;all-new, all-different avengers (2015) #1 (chiang inhuman 50th anniversary variant)
55367;all-new, all-different avengers (2015) #14
58134;all-new, all-different avengers (2015) #4 (rubio deadpool variant)
55357;all-new, all-different avengers (2015) #4
55368;all-new, all-different avengers (2015) #15
60276;all-new, all-different avengers annual (2016) #1
55352;all-new, all-different avengers vol. 1: the magnificent seven (trade paperback)
55355;all-new, all-different avengers vol. 2: family business (trade paperback)
59433;all-new, all-different avengers vol. 3: civil war ii (trade paperback)
58006;all-new, all-different marvel point one  (2015) #1
56455;all-new, all-different marvel point one  (2015) #1
62344;all-new, all-different marvel reading chronology (2017) #1
54781;all-new, all-different marvel universe (2015) #1
12560;all-winners comics (1941) #14
12569;all-winners comics (1941) #4
12562;all-winners comics (1941) #16
12559;all-winners comics (1941) #13
12571;all-winners comics (1941) #6
12564;all-winners comics (1941) #18
12557;all-winners comics (1941) #11
12573;all-winners comics (1941) #8
12566;all-winners comics (1941) #2
12555;all-winners comics (1941) #1
12568;all-winners comics (1941) #3
12561;all-winners comics (1941) #15
12570;all-winners comics (1941) #5
12563;all-winners comics (1941) #17
12558;all-winners comics (1941) #12
12572;all-winners comics (1941) #7
12565;all-winners comics (1941) #19
12556;all-winners comics (1941) #10
12574;all-winners comics (1941) #9
12567;all-winners comics (1941) #21
29733;all-winners squad: band of heroes (2011) #1
29734;all-winners squad: band of heroes (2011) #2
29736;all-winners squad: band of heroes (2011) #4
29737;all-winners squad: band of heroes (2011) #5
29735;all-winners squad: band of heroes (2011) #3
46848;alpha (2013) #1
46850;alpha (2013) #2
12722;alpha flight (1983) #59
39820;alpha flight (2011) #3 (eaglesham variant)
12738;alpha flight (1983) #73
12763;alpha flight (1983) #96
12651;alpha flight (1983) #111
12667;alpha flight (1983) #126
12683;alpha flight (1983) #23
12699;alpha flight (1983) #38
12715;alpha flight (1983) #52
39654;alpha flight (2011) #0.1
12731;alpha flight (1983) #67
12747;alpha flight (1983) #81
12756;alpha flight (1983) #9
616;alpha flight (2004) #3
12644;alpha flight (1983) #105
12660;alpha flight (1983) #12
12676;alpha flight (1983) #17
12692;alpha flight (1983) #31
12708;alpha flight (1983) #46
12724;alpha flight (1983) #60
39819;alpha flight (2011) #1 (eaglesham variant)
12740;alpha flight (1983) #75
12749;alpha flight (1983) #83
12765;alpha flight (1983) #98
12637;alpha flight (1983) #1
12653;alpha flight (1983) #113
12669;alpha flight (1983) #128
12685;alpha flight (1983) #25
12701;alpha flight (1983) #4
12717;alpha flight (1983) #54
38568;alpha flight (2011) #5
12733;alpha flight (1983) #69
12758;alpha flight (1983) #91
790;alpha flight (2004) #7
12646;alpha flight (1983) #107
12662;alpha flight (1983) #121
12678;alpha flight (1983) #19
12694;alpha flight (1983) #33
12710;alpha flight (1983) #48
12726;alpha flight (1983) #62
41922;alpha flight (2011) #8 (yu variant)
12742;alpha flight (1983) #77
12751;alpha flight (1983) #85
67;alpha flight (2004) #9
12639;alpha flight (1983) #100
12655;alpha flight (1983) #115
12671;alpha flight (1983) #13
12687;alpha flight (1983) #27
12703;alpha flight (1983) #41
12719;alpha flight (1983) #56
39822;alpha flight (2011) #4 (eaglesham variant)
12735;alpha flight (1983) #70
12760;alpha flight (1983) #93
1465;alpha flight (2004) #10
12648;alpha flight (1983) #109
12664;alpha flight (1983) #123
12680;alpha flight (1983) #20
12696;alpha flight (1983) #35
12712;alpha flight (1983) #5
12728;alpha flight (1983) #64
12744;alpha flight (1983) #79
41460;alpha flight by greg pak & fred van lente (hardcover)
41057;alpha flight by greg pak & fred van lente vol. 1 tpb (trade paperback)
60533;alpha flight by john byrne omnibus (hardcover)
6233;alpha flight classic vol. 1 (trade paperback)
31686;alpha flight classic vol. 2 (trade paperback)
41154;alpha flight classic vol. 3 (trade paperback)
27;alpha flight vol. 1: you gotta be kiddin' me (trade paperback)
1848;alpha flight vol. 2: waxing poetic (trade paperback)
46849;alpha: big time tpb (trade paperback)
56779;amadeus cho: genius at work (trade paperback)
17722;amazing adult fantasy (1961) #7
17724;amazing adult fantasy (1961) #9
17717;amazing adult fantasy (1961) #10
17719;amazing adult fantasy (1961) #12
17721;amazing adult fantasy (1961) #14
17723;amazing adult fantasy (1961) #8
17718;amazing adult fantasy (1961) #11
17720;amazing adult fantasy (1961) #13
23252;amazing adventures (1970) #16
23268;amazing adventures (1970) #30
17727;amazing adventures (1961) #3
23245;amazing adventures (1970) #1
23261;amazing adventures (1970) #24
23277;amazing adventures (1970) #39
23254;amazing adventures (1970) #18
23270;amazing adventures (1970) #32
17729;amazing adventures (1961) #5
23247;amazing adventures (1970) #11
23263;amazing adventures (1970) #26
23279;amazing adventures (1970) #5
23256;amazing adventures (1970) #2
23272;amazing adventures (1970) #34
23249;amazing adventures (1970) #13
23265;amazing adventures (1970) #28
23281;amazing adventures (1970) #7
23258;amazing adventures (1970) #21
23274;amazing adventures (1970) #36
23251;amazing adventures (1970) #15
23267;amazing adventures (1970) #3
17743;a-next (1998) #2
17745;a-next (1998) #4
17747;a-next (1998) #6
17740;a-next (1998) #10
17749;a-next (1998) #8
17742;a-next (1998) #12
17744;a-next (1998) #3
17746;a-next (1998) #5
17739;a-next (1998) #1
320;actor presents spider-man and the incredible hulk (2003) #1
28724;acts of vengeance (2011) (dm only variant)
28723;acts of vengeance (2011)
29317;acts of vengeance crossovers omnibus (hardcover)
29318;acts of vengeance crossovers omnibus (dm only) (hardcover)
23072;adam: legend of the blue marvel (2008) #3
23733;adam: legend of the blue marvel (2008) #5
22856;adam: legend of the blue marvel (2008) #2
23562;adam: legend of the blue marvel (2008) #4
24348;adam: legend of the blue marvel (trade paperback)
22461;adam: legend of the blue marvel (2008) #1
57847;adventures into fear (1970) #19
57813;adventures into fear (1970) #11
57815;adventures into fear (1970) #13
57817;adventures into fear (1970) #15
57819;adventures into fear (1970) #18
12554;adventures into fear (1970) #16
57849;adventures into fear (1970) #10
57814;adventures into fear (1970) #12
57816;adventures into fear (1970) #14
57818;adventures into fear (1970) #17
50992;adventures of cyclops & phoenix (1994) #1
50994;adventures of cyclops & phoenix (1994) #3
50993;adventures of cyclops & phoenix (1994) #2
50995;adventures of cyclops & phoenix (1994) #4
47069;age of apocalypse (2011) #13
54824;age of apocalypse (2015) #1 (mayhew ant-sized variant)
41263;age of apocalypse (2011) #7
41274;age of apocalypse (2011) #1
55195;age of apocalypse (2015) #2 (ramos variant)
41268;age of apocalypse (2011) #4
56250;age of apocalypse (2015) #3 (rodriguez variant)
41273;age of apocalypse (2011) #6
41266;age of apocalypse (2011) #12
51208;age of apocalypse (2015) #1
41267;age of apocalypse (2011) #8
47070;age of apocalypse (2011) #14
51212;age of apocalypse (2015) #3
41272;age of apocalypse (2011) #11
41271;age of apocalypse (2011) #10
51210;age of apocalypse (2015) #1 (young variant)
42539;age of apocalypse (2011) #2 (avengers art appreciation variant)
41264;age of apocalypse (2011) #3
51213;age of apocalypse (2015) #4
41269;age of apocalypse (2011) #5
51214;age of apocalypse (2015) #5
41265;age of apocalypse (2011) #9
47234;age of apocalypse (2011) #14 (land variant)
51211;age of apocalypse (2015) #2
41270;age of apocalypse (2011) #2
41230;age of apocalypse vol. 1 (trade paperback)
41229;age of apocalypse vol. 2 (trade paperback)
17701;age of apocalypse: the chosen (1995) #1
54910;age of apocalypse: warzones! (trade paperback)
30090;age of heroes (2010) #1
30093;age of heroes (2010) #4
30885;age of heroes (trade paperback)
33323;age of heroes (2010) #1 (heroic age variant)
30092;age of heroes (2010) #3
33566;age of heroes (2010) #2
36522;age of heroes (2010) #1 (2nd printing variant)
47892;age of ultron (2013) #2 (2nd printing variant)
47012;age of ultron (2013) #5 (granov variant)
45908;age of ultron (2013) #10
49277;age of ultron (2013) #10 (2nd printing variant)
47001;age of ultron (2013) #1
45906;age of ultron (2013) #8
47770;age of ultron (2013) #10 (quesada angela sketch variant)
45905;age of ultron (2013) #7
47014;age of ultron (2013) #6 (pacheco variant)
47000;age of ultron (2013) #1 (deodato variant)
48098;age of ultron (2013) #4 (2nd printing variant)
47023;age of ultron (2013) #10 (ultron variant)
47003;age of ultron (2013) #2
47769;age of ultron (2013) #10 (quesada angela variant)
45902;age of ultron (hardcover)
47708;age of ultron (2013) #1 ((ultron variant))
45904;age of ultron (2013) #6
47018;age of ultron (2013) #8 (7th orange variant)
47010;age of ultron (2013) #4 (zhong variant)
47017;age of ultron (2013) #7 (yu variant)
47013;age of ultron (2013) #5 (ultron variant)
47072;age of ultron (2013) #10
47872;age of ultron (2013) #10 (8-&#8203
47071;age of ultron (2013) #1 (young variant)
47831;age of ultron (2013) #4 (age of ultron 4 ultron variant)
47022;age of ultron (2013) #10 (brooks variant)
47009;age of ultron (2013) #3 (ultron variant)
47015;age of ultron (2013) #6 (ultron variant)
46999;age of ultron (2013) #1 (hitch sketch variant)
47016;age of ultron (2013) #7 (ultron variant)
47465;age of ultron companion (trade paperback)
39395;age of ultron hc (with digital code) (hardcover)
37660;age of ultron tpb (trade paperback)
54911;age of ultron vs. marvel zombies (trade paperback)
51220;age of ultron vs. zombies (2015) #3
54979;age of ultron vs. zombies (2015) #2 (maleev landscape wraparound variant)
51219;age of ultron vs. zombies (2015) #2
51218;age of ultron vs. zombies (2015) #1 (young variant)
51221;age of ultron vs. zombies (2015) #4
51215;age of ultron vs. zombies (2015) #1
51217;age of ultron vs. zombies (2015) #1 (kim variant)
47677;age of ultron: ai (2013) #10 (rivera variant)
37973;age of x: alpha (2010) #1 (variant)
38895;age of x: alpha (2010) #1 (2nd printing variant )
39284;age of x: alpha (2010) #1 (conrad 2nd printing variant)
37996;age of x: alpha (2010) #1
38524;age of x: universe (2011) #1
38523;age of x: universe (2011) #2
57550;agent carter: s.h.i.e.l.d. 50th anniversary (2015) #1 (renaud mu plus variant)
56386;agent carter: s.h.i.e.l.d. 50th anniversary (2015) #1 (christopher action figure variant)
55901;agent carter: s.h.i.e.l.d. 50th anniversary (2015) #1 (ward variant)
55840;agent carter: s.h.i.e.l.d. 50th anniversary (2015) #1
55902;agent may: s.h.i.e.l.d. 50th anniversary (2015) #1 (ward variant)
17703;agent x (2002) #10
17713;agent x (2002) #6
17705;agent x (2002) #12
17715;agent x (2002) #8
17707;agent x (2002) #14
17710;agent x (2002) #3
17702;agent x (2002) #1
17712;agent x (2002) #5
17704;agent x (2002) #11
17714;agent x (2002) #7
17706;agent x (2002) #13
17716;agent x (2002) #9
17709;agent x (2002) #2
394;agent x (2002) #15
17711;agent x (2002) #4
24017;agents of atlas (2009) #3 (wolverine art appreciation variant)
5241;agents of atlas (2006) #3
24363;agents of atlas (2009) #9
24221;agents of atlas (2009) #5
5665;agents of atlas (2006) #5
23660;agents of atlas (2009) #1 (50/50 cover)
27812;agents of atlas (2009) #7 (70s decade variant)
24354;agents of atlas (2009) #10
23187;agents of atlas (trade paperback)
23825;agents of atlas (2009) #2
28618;agents of atlas (2009)
24360;agents of atlas (2009) #6
24016;agents of atlas (2009) #3 (mcguinness variant)
5089;agents of atlas (2006) #2
24362;agents of atlas (2009) #8
24219;agents of atlas (2009) #4
5404;agents of atlas (2006) #4
23659;agents of atlas (2009) #1
27402;agents of atlas (2009) #2 (bachalo 2nd printing variant)
24222;agents of atlas (2009) #5 (mcguinness variant)
6318;agents of atlas (hardcover)
5842;agents of atlas (2006) #6
23824;agents of atlas (2009) #2 (mcguinness variant)
27874;agents of atlas (2009) #9 (70th frame variant)
24355;agents of atlas (2009) #11
24015;agents of atlas (2009) #3
4801;agents of atlas (2006) #1
24361;agents of atlas (2009) #7
32444;agents of atlas mgc (2010) #1
23071;agents of atlas poster (2009)
30775;agents of atlas vs. (hardcover)
30776;agents of atlas vs. (hardcover)
24350;agents of atlas: dark reign (hardcover)
24351;agents of atlas: dark reign (trade paperback)
28870;agents of atlas: turf wars (hardcover)
31681;agents of atlas: turf wars (trade paperback)
56034;agents of s.h.i.e.l.d. (2016) #6
56029;agents of s.h.i.e.l.d. (2016) #1
56036;agents of s.h.i.e.l.d. (2016) #8
56032;agents of s.h.i.e.l.d. (2016) #4
56037;agents of s.h.i.e.l.d. (2016) #9
56031;agents of s.h.i.e.l.d. (2016) #3
56033;agents of s.h.i.e.l.d. (2016) #5
56035;agents of s.h.i.e.l.d. (2016) #7
58015;agents of s.h.i.e.l.d. (2016) #2 (seeley variant)
56038;agents of s.h.i.e.l.d. (2016) #10
56030;agents of s.h.i.e.l.d. (2016) #2
58016;agents of s.h.i.e.l.d. (2016) #3 (schmidt variant)
55903;agents of s.h.i.e.l.d. vol. 1: the coulson protocols (trade paperback)
55904;agents of s.h.i.e.l.d. vol. 2: under new management (trade paperback)
32430;alias mgc (2010) #1
50527;alias omnibus (hardcover)
37255;alias omnibus (hardcover)
24305;alias ultimate collection book 1 (trade paperback)
29319;alias ultimate collection book 2 (trade paperback)
1112;alias vol. 1 (trade paperback)
1095;alias vol. 2: come home (trade paperback)
1136;alias vol. 3: the underneath (trade paperback)
1264;alias vol. 4: the secret origins of jessica jones (trade paperback)
24369;all select comics 70th anniversary special (2009) #1
24370;all select comics 70th anniversary special (2009) #1 (martin variant)
24371;all winners comics 70th anniversary special (2009) #1
24372;all winners comics 70th anniversary special (2009) #1 (martin variant)
51243;all-new captain america (2014) #4
51246;all-new captain america (2014) #6
53187;all-new captain america (2014) #6 (nowlan avengers variant)
51238;all-new captain america (2014) #2
51240;all-new captain america (2014) #3
51245;all-new captain america (2014) #5
53051;all-new captain america (2014) #5 (sauvage wom variant)
51053;all-new captain america (2014) #1
53380;all-new captain america (2014) #6 (shalvey wtd variant)
53271;all-new captain america (2014) #3
53386;all-new captain america special (2015) #1 (kubert connecting variant)
55831;all-new captain america special (2015) #1
51228;all-new captain america vol. 1: hydra ascendant (hardcover)
51223;all-new captain america vol. 1: hydra ascendant (trade paperback)
51252;all-new captain america: fear him (2015) #4
51249;all-new captain america: fear him (2015) #1
51251;all-new captain america: fear him (2015) #3
51562;all-new captain america: fear him (trade paperback)
51250;all-new captain america: fear him (2015) #2
51039;all-new captain america: fear him infinite comic (2014) #3
51041;all-new captain america: fear him infinite comic (2014) #5
51090;all-new captain america: fear him infinite comic (2014) #1
51040;all-new captain america: fear him infinite comic (2014) #4
51042;all-new captain america: fear him infinite comic (2014) #6
51091;all-new captain america: fear him infinite comic (2014) #2
50172;all-new doop (2014) #3
50174;all-new doop (2014) #5
50170;all-new doop (trade paperback)
50169;all-new doop (2014) #1
50171;all-new doop (2014) #2
50173;all-new doop (2014) #4
50654;all-new doop (2014) #1 (granov variant)
49817;all-new ghost rider (2014) #1 (young variant)
49520;all-new ghost rider (2014) #6
49992;all-new ghost rider (2014) #2 (smith variant)
49528;all-new ghost rider (2014) #8
49502;all-new ghost rider (2014) #3
49816;all-new ghost rider (2014) #1 (del mundo animal variant)
49535;all-new ghost rider (2014) #10
50349;all-new ghost rider (2014) #3 (texeira vehicle variant)
50347;all-new ghost rider (2014) #1 (smith vehicle variant)
54907;all-new ghost rider (2014) #12
49516;all-new ghost rider (2014) #5
49495;all-new ghost rider (2014) #2
49524;all-new ghost rider (2014) #7
50348;all-new ghost rider (2014) #2 (mhan vehicle variant)
49488;all-new ghost rider (2014) #1
49532;all-new ghost rider (2014) #9
49509;all-new ghost rider (2014) #4
49819;all-new ghost rider (2014) #1 (moore variant)
53529;all-new ghost rider (2014) #11
49993;all-new ghost rider (2014) #3 (smith variant)
49892;all-new ghost rider vol. 1: engines of vengeance (trade paperback)
49893;all-new ghost rider vol. 2: legend (trade paperback)
61521;all-new guardians of the galaxy (2017) #9
61515;all-new guardians of the galaxy (2017) #3
61524;all-new guardians of the galaxy (2017) #12
61517;all-new guardians of the galaxy (2017) #5
61519;all-new guardians of the galaxy (2017) #7
61522;all-new guardians of the galaxy (2017) #10
61514;all-new guardians of the galaxy (2017) #2
61523;all-new guardians of the galaxy (2017) #11
61516;all-new guardians of the galaxy (2017) #4
61518;all-new guardians of the galaxy (2017) #6
61520;all-new guardians of the galaxy (2017) #8
61513;all-new guardians of the galaxy (2017) #1
63223;all-new guardians of the galaxy annual (2017)
62149;all-new guardians of the galaxy vol. 1: communication breakdown (trade paperback)
56404;all-new hawkeye (2015) #1 (lemire kirby monster variant)
51256;all-new hawkeye (2015) #1
53381;all-new hawkeye (2015) #2 (francavilla wtd variant)
55484;all-new hawkeye (2015) #3
51262;all-new hawkeye (2015) #3
53638;all-new hawkeye (2015) #3 (ferry nyc variant)
55486;all-new hawkeye (2015) #5
53052;all-new hawkeye (2015) #1 (murase wom variant)
55480;all-new hawkeye (2015) #1
55905;all-new hawkeye (2015) #5 (ogaki manga variant)
58638;all-new hawkeye (2015) #5 (noto wop variant)
53122;all-new hawkeye (2015) #1 (blank cover variant)
56403;all-new hawkeye (2015) #1 (grell classic variant)
53341;all-new hawkeye (2015) #2 (wada variant)
56766;all-new hawkeye (2015) #1 (greene hip-&#8203
51260;all-new hawkeye (2015) #2
53342;all-new hawkeye (2015) #3 (wu variant)
58193;all-new hawkeye (2015) #4 (michael cho variant)
51259;all-new hawkeye (2015) #1 (young variant)
56406;all-new inhumans (2015) #1
56415;all-new inhumans (2015) #8
56412;all-new inhumans (2015) #5
56407;all-new inhumans (2015) #1 (cosplay variant)
56417;all-new inhumans (2015) #10
56411;all-new inhumans (2015) #4
56768;all-new inhumans (2015) #1 (d'alfonso hip-&#8203
58639;all-new inhumans (2015) #5 (tbd artist classic variant)
57850;all-new inhumans (2015) #1 (christopher action figure two-&#8203
56414;all-new inhumans (2015) #7
56410;all-new inhumans (2015) #3
58017;all-new inhumans (2015) #3 (anka variant)
56416;all-new inhumans (2015) #9
56413;all-new inhumans (2015) #6
56408;all-new inhumans (2015) #1 (cheung connecting variant d)
56418;all-new inhumans (2015) #11
58414;all-new inhumans (2015) #5 (scott hip-&#8203
57649;all-new inhumans (2015) #1 (caselli variant)
58640;all-new inhumans (2015) #5 (tbd artist story thus far variant)
56409;all-new inhumans (2015) #2
56275;all-new inhumans vol. 1: global outreach (trade paperback)
56276;all-new inhumans vol. 2: skyspears (trade paperback)
50792;all-new invaders (2014) #1 (singh 2nd printing variant)
49824;all-new invaders (2014) #1 (pugh design variant)
48363;all-new invaders (2014) #10
49994;all-new invaders (2014) #3 (opena variant)
49941;all-new invaders (2014) #2 (larroca variant)
51272;all-new invaders (2014) #13
48358;all-new invaders (2014) #5
48354;all-new invaders (2014) #1
51274;all-new invaders (2014) #15
49575;all-new invaders (2014) #1 (young variant)
48360;all-new invaders (2014) #7
48357;all-new invaders (2014) #4
49577;all-new invaders (2014) #1 (cassaday variant)
48362;all-new invaders (2014) #9
50469;all-new invaders (2014) #3 (campion captain america team-&#8203
48355;all-new invaders (2014) #2
48364;all-new invaders (2014) #11
48359;all-new invaders (2014) #6
50099;all-new invaders (2014) #2 (tbd artist variant b)
51273;all-new invaders (2014) #14
49574;all-new invaders (2014) #1 (blank cover variant)
48365;all-new invaders (2014) #12
48356;all-new invaders (2014) #3
49576;all-new invaders (2014) #1 (cassaday sketch variant)
48361;all-new invaders (2014) #8
48399;all-new invaders vol. 1: gods and soldiers (trade paperback)
48400;all-new invaders vol. 2: original sin (trade paperback)
51275;all-new invaders vol. 3: the martians are coming (trade paperback)
21280;all-new iron manual (2008) #1
49846;all-new marvel now! point one (2014) #1
51278;all-new miracleman annual (2014) #1 (quesada variant)
51277;all-new miracleman annual (2014) #1 (smith variant)
51276;all-new miracleman annual (2014) #1
51279;all-new miracleman annual (2014) #1 (quesada sketch variant)
3566;all-new official handbook of the marvel universe a to z (2006) #2
5373;all-new official handbook of the marvel universe a to z (2006) #11
4097;all-new official handbook of the marvel universe a to z (2006) #4
4298;all-new official handbook of the marvel universe a to z (2006) #6
4773;all-new official handbook of the marvel universe a to z (2006) #8
3441;all-new official handbook of the marvel universe a to z (2006) #1
5215;all-new official handbook of the marvel universe a to z (2006) #10
3970;all-new official handbook of the marvel universe a to z (2006) #3
5641;all-new official handbook of the marvel universe a to z (2006) #12
4206;all-new official handbook of the marvel universe a to z (2006) #5
4455;all-new official handbook of the marvel universe a to z (2006) #7
5062;all-new official handbook of the marvel universe a to z (2006) #9
20741;all-new official handbook of the marvel universe a to z vol. 1 premiere (hardcover)
21080;all-new official handbook of the marvel universe a to z vol. 2 (hardcover)
5878;all-new official handbook of the marvel universe a to z: update (2007) #1
15977;all-new official handbook of the marvel universe a to z: update (2007) #3
6325;all-new official handbook of the marvel universe a to z: update (2007) #2
16544;all-new official handbook of the marvel universe a to z: update (2007) #4
24252;all-new savage she-hulk (2009) #2
26243;all-new savage she-hulk (2009) #4
27592;all-new savage she-hulk (2009) #3 (90s decade variant)
24053;all-new savage she-hulk (2009) #1
26242;all-new savage she-hulk (2009) #3
27533;all-new savage she-hulk (2009) #3
49268;all-new ultimates (2014) #12
49261;all-new ultimates (2014) #5
50721;all-new ultimates (2014) #1 (marquez variant)
49264;all-new ultimates (2014) #8
49259;all-new ultimates (2014) #3
49265;all-new ultimates (2014) #9
50728;all-new ultimates (2014) #3 (oum variant)
49266;all-new ultimates (2014) #10
50727;all-new ultimates (2014) #2 (wimberley variant)
49263;all-new ultimates (2014) #7
49257;all-new ultimates (2014) #1
49262;all-new ultimates (2014) #6
49260;all-new ultimates (2014) #4
49267;all-new ultimates (2014) #11
49198;all-new ultimates vol. 1: power for power (trade paperback)
49199;all-new ultimates vol. 2: no gods, no monsters (trade paperback)
56444;all-new wolverine (2015) #13
60510;all-new wolverine (2015) #20
56430;all-new wolverine (2015) #2
56446;all-new wolverine (2015) #15
65258;all-new wolverine (2015) #28
56438;all-new wolverine (2015) #7
56445;all-new wolverine (2015) #14
60511;all-new wolverine (2015) #21
56432;all-new wolverine (2015) #3
61346;all-new wolverine (2015) #15 (bengal connecting variant c)
56440;all-new wolverine (2015) #9
61343;all-new wolverine (2015) #13 (lim variant)
60513;all-new wolverine (2015) #23
56436;all-new wolverine (2015) #5
60509;all-new wolverine (2015) #19
56442;all-new wolverine (2015) #11
56447;all-new wolverine (2015) #16
60515;all-new wolverine (2015) #25
56437;all-new wolverine (2015) #6
56443;all-new wolverine (2015) #12
60508;all-new wolverine (2015) #18
56424;all-new wolverine (2015) #1
60507;all-new wolverine (2015) #17
60517;all-new wolverine (2015) #27
58869;all-new wolverine (2015) #2 (bengal 2nd printing variant)
60195;all-new wolverine (2015) #11 (parker marvel tsum tsum takeover variant)
61349;all-new wolverine (2015) #18 (bengal connecting variant f)
56425;all-new wolverine (2015) #1 (adams variant)
61939;all-new wolverine (2015) #14 (yu variant)
56439;all-new wolverine (2015) #8
61342;all-new wolverine (2015) #13 (bengal connecting variant a)
60512;all-new wolverine (2015) #22
56435;all-new wolverine (2015) #4
61347;all-new wolverine (2015) #16 (bengal connecting variant d)
56441;all-new wolverine (2015) #10
61861;all-new wolverine (2015) #13 (art adams champions variant)
60514;all-new wolverine (2015) #24
59165;all-new wolverine (2015) #3 (bengal 2nd printing variant)
61348;all-new wolverine (2015) #17 (bengal connecting variant e)
58194;all-new wolverine (2015) #5 (michael cho variant)
59863;all-new wolverine (2015) #9 (chin cw reenactment variant)
61345;all-new wolverine (2015) #14 (bengal connecting variant b)
60516;all-new wolverine (2015) #26
58641;all-new wolverine (2015) #6 (tbd artist wop variant)
59897;all-new wolverine annual (2016) #1
56297;all-new wolverine vol. 1: the four sisters (trade paperback)
56298;all-new wolverine vol. 2: civil war ii (trade paperback)
60154;all-new wolverine vol. 3: enemy of the state ii (trade paperback)
62093;all-new wolverine vol. 4: immune (trade paperback)
49544;all-new x-factor (2014) #1 (blank cover variant)
47970;all-new x-factor (2014) #9
47965;all-new x-factor (2014) #4
47979;all-new x-factor (2014) #18
49546;all-new x-factor (2014) #1 (larroca sketch variant)
47972;all-new x-factor (2014) #11
47967;all-new x-factor (2014) #6
53272;all-new x-factor (2014) #19
50093;all-new x-factor (2014) #1 (warren variant)
47973;all-new x-factor (2014) #12
49996;all-new x-factor (2014) #3 (mckelvie variant)
51282;all-new x-factor (2014) #20 (garner final issue variant)
49995;all-new x-factor (2014) #2 (campbell variant)
47974;all-new x-factor (2014) #13
47962;all-new x-factor (2014) #1
47968;all-new x-factor (2014) #7
50102;all-new x-factor (2014) #3 (tbd artist variant b)
47976;all-new x-factor (2014) #15
49545;all-new x-factor (2014) #1 (young variant)
47969;all-new x-factor (2014) #8
47966;all-new x-factor (2014) #5
47978;all-new x-factor (2014) #17
49547;all-new x-factor (2014) #1 (larroca variant)
47971;all-new x-factor (2014) #10
47964;all-new x-factor (2014) #3
51281;all-new x-factor (2014) #20
47963;all-new x-factor (2014) #2
47975;all-new x-factor (2014) #14
50793;all-new x-factor (2014) #2 (anka 2nd printing variant)
50101;all-new x-factor (2014) #2 (tbd artist variant b)
47977;all-new x-factor (2014) #16
47943;all-new x-factor vol. 1: not brand x tpb (trade paperback)
47944;all-new x-factor vol. 2: change of decay (trade paperback)
47945;all-new x-factor vol. 3: axis (trade paperback)
43481;all-new x-men (2012) #16
45791;all-new x-men (2012) #18 (tedesco 80s variant)
43471;all-new x-men (2012) #6
43478;all-new x-men (2012) #13
48534;all-new x-men (2012) #31
51299;all-new x-men (2012) #39 (sorrentino comically enhanced variant)
43467;all-new x-men (2012) #2
47337;all-new x-men (2012) #3 (2nd printing variant)
48964;all-new x-men (2012) #16 (granov variant)
45789;all-new x-men (2012) #18 (tedesco 60s variant)
59074;all-new x-men (2015) #2 (bagley 2nd printing variant)
50655;all-new x-men (2012) #25 (grampa variant)
56245;all-new x-men (2015) #16
53054;all-new x-men (2012) #35 (larroca welcome home variant)
47399;all-new x-men (2012) #5 (2nd printing variant)
43469;all-new x-men (2012) #4
45778;all-new x-men (2012) #5 (coipel variant)
49548;all-new x-men (2012) #22 (blank cover variant)
56774;all-new x-men (2015) #1 (jack kirby monster variant)
49942;all-new x-men (2012) #23 (keown variant)
56241;all-new x-men (2015) #12
50979;all-new x-men (2012) #33
53382;all-new x-men (2012) #41 (crystal wtd variant)
47627;all-new x-men (2012) #3 (3rd printing variant)
43480;all-new x-men (2012) #15
43485;all-new x-men (2012) #20
49399;all-new x-men (2012) #19 (maos variant)
56234;all-new x-men (2015) #5
50426;all-new x-men (2012) #27 (ross 75th anniversary variant)
51297;all-new x-men (2012) #38 (sorrentino cosmically enhanced variant)
47628;all-new x-men (2012) #4 (3rd printing variant)
47074;all-new x-men (2012) #10 (horn iron man many armors variant)
43479;all-new x-men (2012) #14
50103;all-new x-men (2012) #22 (immonen x-&#8203
58184;all-new x-men (2015) #4 (lim deadpool variant)
50794;all-new x-men (2012) #22 (immonen 2nd printing variant)
60275;all-new x-men (2015) #12 (santiago black panther variant variant)
51292;all-new x-men (2012) #36
43462;all-new x-men (2012) #1
47535;all-new x-men (2012) #6 (2nd printing variant)
43482;all-new x-men (2012) #17
50104;all-new x-men (2012) #23 (tbd artist variant b)
56238;all-new x-men (2015) #9
48533;all-new x-men (2012) #30
53055;all-new x-men (2012) #39 (hicks wom variant)
43476;all-new x-men (2012) #11
47347;all-new x-men (2012) #4 (2nd printing)
48189;all-new x-men (2012) #17 (castellani lego variant)
45793;all-new x-men (2012) #18 (tedesco 00s variant)
58504;all-new x-men (2015) #4 (brigman classic variant)
50656;all-new x-men (2012) #25 (cho variant)
60518;all-new x-men (2015) #17
51298;all-new x-men (2012) #39
43472;all-new x-men (2012) #7
44582;all-new x-men (2012) #4 (cheung variant)
47893;all-new x-men (2012) #9 (2nd printing variant)
49983;all-new x-men (2012) #16 (2nd printing variant)
56230;all-new x-men (2015) #1
43487;all-new x-men (2012) #22
56240;all-new x-men (2015) #11
48535;all-new x-men (2012) #32
55078;all-new x-men (2012) #38 (sorrentino 2nd printing variant)
43470;all-new x-men (2012) #5
47629;all-new x-men (2012) #5 (3rd printing variant)
48103;all-new x-men (2012) #16 (immonen variant)
45790;all-new x-men (2012) #18 (tedesco 70s variant)
56235;all-new x-men (2015) #6
48531;all-new x-men (2012) #28
62601;all-new x-men (2015) #1.1
51300;all-new x-men (2012) #40
47321;all-new x-men (2012) #2 (2nd printing variant)
45781;all-new x-men (2012) #8 (x-men 50th anniversary variant)
43477;all-new x-men (2012) #12
49549;all-new x-men (2012) #22 (samnee animal variant)
56775;all-new x-men (2015) #1 (bagley variant)
48527;all-new x-men (2012) #24
56242;all-new x-men (2015) #13
51080;all-new x-men (2012) #35
47626;all-new x-men (2012) #2 (3rd printing variant)
43473;all-new x-men (2012) #8
43484;all-new x-men (2012) #19
45792;all-new x-men (2012) #18 (tedesco 90s variant)
56233;all-new x-men (2015) #4
50427;all-new x-men (2012) #27 (75th anniversary sketch variant)
51296;all-new x-men (2012) #38 (noto variant)
43474;all-new x-men (2012) #9
47549;all-new x-men (2012) #12 (yu wolverine costume variant)
46853;alpha (2013) #5
46979;alpha (2013) #1 (quinones variant)
46847;alpha (2013) #0.1
46851;alpha (2013) #3
12697;alpha flight (1983) #36
12713;alpha flight (1983) #50
12729;alpha flight (1983) #65
12745;alpha flight (1983) #8
12761;alpha flight (1983) #94
1558;alpha flight (2004) #11
12649;alpha flight (1983) #11
12665;alpha flight (1983) #124
12681;alpha flight (1983) #21
12690;alpha flight (1983) #3
12706;alpha flight (1983) #44
12754;alpha flight (1983) #88
572;alpha flight (2004) #6
12642;alpha flight (1983) #103
12658;alpha flight (1983) #118
12674;alpha flight (1983) #15
12689;alpha flight (1983) #29
12705;alpha flight (1983) #43
12721;alpha flight (1983) #58
38565;alpha flight (2011) #3
12737;alpha flight (1983) #72
12753;alpha flight (1983) #87
456;alpha flight (2004) #2
12641;alpha flight (1983) #102
12657;alpha flight (1983) #117
12673;alpha flight (1983) #14
12698;alpha flight (1983) #37
12714;alpha flight (1983) #51
38570;alpha flight (2011) #1
12730;alpha flight (1983) #66
12746;alpha flight (1983) #80
12762;alpha flight (1983) #95
1647;alpha flight (2004) #12
12650;alpha flight (1983) #110
23283;amazing adventures (1970) #9
17726;amazing adventures (1961) #2
23260;amazing adventures (1970) #23
23276;amazing adventures (1970) #38
2083;amazing fantasy (2004) #9
529;amazing fantasy (2004) #2
3971;amazing fantasy (2004) #19
2309;amazing fantasy (2004) #11
764;amazing fantasy (2004) #3
16926;amazing fantasy (1962) #15
2532;amazing fantasy (2004) #13
922;amazing fantasy (2004) #5
2818;amazing fantasy (2004) #12
1980;amazing fantasy (2004) #8
45;amazing fantasy (2004) #6
3567;amazing fantasy (2004) #18
2193;amazing fantasy (2004) #10
735;amazing fantasy (2004) #1
4098;amazing fantasy (2004) #20
3105;amazing fantasy (2004) #15
858;amazing fantasy (2004) #4
2533;amazing fantasy (2004) #14
1880;amazing fantasy (2004) #7
3594;amazing fantasy (2004) #16
3442;amazing fantasy (2004) #17
41139;amazing fantasy 15: spider-man! (2011) #1
16214;amazing fantasy omnibus (hardcover)
15966;amazing spider-girl (2006) #10
22294;amazing spider-girl (2006) #25
5843;amazing spider-girl (2006) #4
21003;amazing spider-girl (2006) #19
16522;amazing spider-girl (2006) #12
22903;amazing spider-girl (2006) #27
5997;amazing spider-girl (2006) #5
21357;amazing spider-girl (2006) #21
17249;amazing spider-girl (2006) #14
23107;amazing spider-girl (2006) #28
6270;amazing spider-girl (2006) #7
21737;amazing spider-girl (2006) #23
5286;amazing spider-girl (2006)
17629;amazing spider-girl (2006) #16
23763;amazing spider-girl (2006) #30
15856;amazing spider-girl (2006) #9
22293;amazing spider-girl (2006) #25 (zombie variant (1 for 10))
5701;amazing spider-girl (2006) #3
20868;amazing spider-girl (2006) #18
16151;amazing spider-girl (2006) #11
22501;amazing spider-girl (2006) #26
21840;amazing spider-girl (2006) #13 (zombie variant)
21214;amazing spider-girl (2006) #20
16523;amazing spider-girl (2006) #13
22904;amazing spider-girl (2006) #27 (villain variant)
6130;amazing spider-girl (2006) #6
21539;amazing spider-girl (2006) #22
5281;amazing spider-girl (2006) #1
17385;amazing spider-girl (2006) #15
23604;amazing spider-girl (2006) #29
13478;amazing spider-girl (2006) #8
21970;amazing spider-girl (2006) #24
5591;amazing spider-girl (2006) #2
20672;amazing spider-girl (2006) #17
13519;amazing spider-girl vol. 1: whatever happened to the daughter of spider-man (trade paperback)
17305;amazing spider-girl vol. 2: comes the carnage! (trade paperback)
21286;amazing spider-girl vol. 3: mind games (trade paperback)
23024;amazing spider-girl vol. 4: a brand new may (trade paperback)
24377;amazing spider-girl vol. 5: maybreak (trade paperback)
40881;amazing spider-man (1999) #656 (2nd printing variant  )
6822;amazing spider-man (1963) #405
30308;amazing spider-man (1999) #633
6662;amazing spider-man (1963) #261
2212;amazing spider-man (1999) #522
45809;amazing spider-man (2014) #10
6502;amazing spider-man (1963) #117
42126;amazing spider-man (1999) #677 (bermejo variant)
6838;amazing spider-man (1963) #42
30324;amazing spider-man (1999) #649
6678;amazing spider-man (1963) #276
5808;amazing spider-man (1999) #538
51318;amazing spider-man (2014) #13 (dell'otto variant)
6518;amazing spider-man (1963) #131
42644;amazing spider-man (1999) #690 (lizard variant)
6854;amazing spider-man (1963) #434
32535;amazing spider-man (1999) #628 (iron man by design variant)
6694;amazing spider-man (1963) #290
17340;amazing spider-man (1999) #547
51331;amazing spider-man (2014) #18.1
6534;amazing spider-man (1963) #146
43152;amazing spider-man (1999) #692 (martin 80s variant)
6870;amazing spider-man (1963) #51
33627;amazing spider-man (1999) #636 (50/50 variant)
6710;amazing spider-man (1963) #304
21173;amazing spider-man (1999) #559
6550;amazing spider-man (1963) #160
49108;amazing spider-man (1999) #700.4
6886;amazing spider-man (1963) #66
34442;amazing spider-man (1999) #639 (sketch variant)
6726;amazing spider-man (1963) #319
22259;amazing spider-man (1999) #573 (zombie variant (1 for 10))
6566;amazing spider-man (1963) #175
6902;amazing spider-man (1963) #80
35881;amazing spider-man (1999) #645 (spidey vs. variant)
6742;amazing spider-man (1963) #333
23078;amazing spider-man (1999) #584
6582;amazing spider-man (1963) #19
6918;amazing spider-man (1963) #95
40129;amazing spider-man (1999) #692
6758;amazing spider-man (1963) #348
24404;amazing spider-man (1999) #597
6598;amazing spider-man (1963) #203
39291;amazing spider-man (1999) #654.1
6774;amazing spider-man (1963) #362
24420;amazing spider-man (1999) #613
6614;amazing spider-man (1963) #218
40137;amazing spider-man (1999) #681
6790;amazing spider-man (1963) #377
47146;amazing spider-man (1999) #698 (2nd printing variant)
6630;amazing spider-man (1963) #232
40110;amazing spider-man (1999) #682
6806;amazing spider-man (1963) #391
29303;amazing spider-man (1999) #600 (2nd printing variant)
6646;amazing spider-man (1963) #247
413;amazing spider-man (1999) #505
50048;amazing spider-man (2014) #1.1 (jrjr variant)
6486;amazing spider-man (1963) #102
1409;amazing spider-man (1999) #515
50111;amazing spider-man (2014) #1.3 (ross sketch variant)
6495;amazing spider-man (1963) #110
35522;amazing spider-man (1999) #670
6831;amazing spider-man (1963) #413
30317;amazing spider-man (1999) #642
6671;amazing spider-man (1963) #27
4065;amazing spider-man (1999) #531
50350;amazing spider-man (2014) #13
6511;amazing spider-man (1963) #125
40114;amazing spider-man (1999) #683
6847;amazing spider-man (1963) #428
31556;amazing spider-man (1999) #620 (deadpool variant)
6687;amazing spider-man (1963) #284
47350;amazing spider-man (1999) #700 (ramos 2nd printing variant)
53422;amazing spider-man (2014) #15 (medina decomixado variant)
6527;amazing spider-man (1963) #14
43141;amazing spider-man (1999) #40
6863;amazing spider-man (1963) #45
49353;amazing spider-man (1999) #700 (ramos 5th printing variant)
6703;amazing spider-man (1963) #299
20826;amazing spider-man (1999) #554
6543;amazing spider-man (1963) #154
43325;amazing spider-man (1999) #682 (2nd printing variant)
6879;amazing spider-man (1963) #6
44621;amazing spider-man (1999) #700 (quesada wraparound variant)
6719;amazing spider-man (1963) #312
21703;amazing spider-man (1999) #568 (jrsr variant)
6559;amazing spider-man (1963) #169
6895;amazing spider-man (1963) #74
35418;amazing spider-man (1999) #641 (variant cover)
6735;amazing spider-man (1963) #327
22861;amazing spider-man (1999) #579 (villain variant)
6575;amazing spider-man (1963) #183
6911;amazing spider-man (1963) #89
37899;amazing spider-man (1999) #5
6751;amazing spider-man (1963) #341
24133;amazing spider-man (1999) #593
6591;amazing spider-man (1963) #198
40105;amazing spider-man (1999) #680
6767;amazing spider-man (1963) #356
24413;amazing spider-man (1999) #606
6607;amazing spider-man (1963) #211
43163;amazing spider-man (1999) #50
6783;amazing spider-man (1963) #370
32217;amazing spider-man (1999) #653
6623;amazing spider-man (1963) #226
48446;amazing spider-man (1999) #23
6799;amazing spider-man (1963) #385
28226;amazing spider-man (1999) #621
6639;amazing spider-man (1963) #240
49371;amazing spider-man (2014) #1 (martin variant)
48430;amazing spider-man (1999) #15
6815;amazing spider-man (1963) #4
30301;amazing spider-man (1999) #626
6655;amazing spider-man (1963) #255
36717;amazing spider-man (1999) #646 (vampire variant)
6743;amazing spider-man (1963) #334
6912;amazing spider-man (1963) #9
37900;amazing spider-man (1999) #6
6752;amazing spider-man (1963) #342
24134;amazing spider-man (1999) #594
1511;amazing spider-man (1999) #516
6496;amazing spider-man (1963) #111
50261;amazing spider-man (2014) #1.4 (ross sketch variant)
41817;amazing spider-man (1999) #669 (slott variant)
6832;amazing spider-man (1963) #414
30318;amazing spider-man (1999) #643
6672;amazing spider-man (1963) #270
4177;amazing spider-man (1999) #532
6512;amazing spider-man (1963) #126
51324;amazing spider-man (2014) #15
40122;amazing spider-man (1999) #695
6848;amazing spider-man (1963) #429
31688;amazing spider-man (1999) #611 (2nd printing variant)
6688;amazing spider-man (1963) #285
15924;amazing spider-man (1999) #543
6528;amazing spider-man (1963) #140
53596;amazing spider-man (2014) #15 (molina comicxposure variant)
43143;amazing spider-man (1999) #41
6864;amazing spider-man (1963) #46
37032;amazing spider-man (1999) #635 (2nd printing variant)
6704;amazing spider-man (1963) #3
20961;amazing spider-man (1999) #555 (variant)
6544;amazing spider-man (1963) #155
43455;amazing spider-man (1999) #11
6880;amazing spider-man (1963) #60
34118;amazing spider-man (1999) #640
6720;amazing spider-man (1963) #313
21704;amazing spider-man (1999) #568
6560;amazing spider-man (1963) #17
6896;amazing spider-man (1963) #75
37045;amazing spider-man (1999) #648 (caselli variant)
6736;amazing spider-man (1963) #328
22862;amazing spider-man (1999) #579
6576;amazing spider-man (1963) #184
6901;amazing spider-man (1963) #8
35880;amazing spider-man (1999) #645 (spidey vs. variant)
6741;amazing spider-man (1963) #332
23077;amazing spider-man (1999) #583
6581;amazing spider-man (1963) #189
6917;amazing spider-man (1963) #94
37988;amazing spider-man (1999) #10
6757;amazing spider-man (1963) #347
24403;amazing spider-man (1999) #596
6597;amazing spider-man (1963) #202
35515;amazing spider-man (1999) #664
6773;amazing spider-man (1963) #361
24419;amazing spider-man (1999) #612
6613;amazing spider-man (1963) #217
43168;amazing spider-man (1999) #55
6789;amazing spider-man (1963) #376
40118;amazing spider-man (1999) #699
48520;amazing spider-man (1999) #24
6798;amazing spider-man (1963) #384
28225;amazing spider-man (1999) #620
6638;amazing spider-man (1963) #24
49401;amazing spider-man (2014) #2 (deodato variant)
41110;amazing spider-man (1999) #679.1
6814;amazing spider-man (1963) #399
30300;amazing spider-man (1999) #625
6654;amazing spider-man (1963) #254
935;amazing spider-man (1999) #513
50050;amazing spider-man (2014) #1.3 (cassaday variant)
6494;amazing spider-man (1963) #11
35511;amazing spider-man (1999) #674
6830;amazing spider-man (1963) #412
30316;amazing spider-man (1999) #641
6670;amazing spider-man (1963) #269
3942;amazing spider-man (1999) #530
50318;amazing spider-man (2014) #11 (wamester marvel animation spider-&#8203
6510;amazing spider-man (1963) #124
42508;amazing spider-man (1999) #36
6846;amazing spider-man (1963) #427
31465;amazing spider-man (1999) #623 (villain variant)
6686;amazing spider-man (1963) #283
6323;amazing spider-man (1999) #541
51325;amazing spider-man (2014) #15 (bianchi variant)
6526;amazing spider-man (1963) #139
43139;amazing spider-man (1999) #39
6862;amazing spider-man (1963) #441
37039;amazing spider-man (1999) #634 (2nd printing variant)
6702;amazing spider-man (1963) #298
20825;amazing spider-man (1999) #553
54826;amazing spider-man (2014) #19.1 (ponsor variant)
6542;amazing spider-man (1963) #153
40112;amazing spider-man (1999) #689
6878;amazing spider-man (1963) #59
44620;amazing spider-man (1999) #700 (ramos wraparound variant)
6718;amazing spider-man (1963) #311
21702;amazing spider-man (1999) #567
6558;amazing spider-man (1963) #168
6894;amazing spider-man (1963) #73
36665;amazing spider-man (1999) #644 (bachalo variant)
6734;amazing spider-man (1963) #326
22469;amazing spider-man (1999) #578
6574;amazing spider-man (1963) #182
6910;amazing spider-man (1963) #88
37896;amazing spider-man (1999) #3
6750;amazing spider-man (1963) #340
23928;amazing spider-man (1999) #590
6590;amazing spider-man (1963) #197
35520;amazing spider-man (1999) #656
6766;amazing spider-man (1963) #355
24412;amazing spider-man (1999) #605
6606;amazing spider-man (1963) #210
41759;amazing spider-man (1999) #668 (2nd printing variant)
6782;amazing spider-man (1963) #37
24536;amazing spider-man (1999) #600 (ross cover)
6622;amazing spider-man (1963) #225
29910;amazing spider-man (1999) #618 (villain variant)
6631;amazing spider-man (1963) #233
45800;amazing spider-man (2014) #2
44624;amazing spider-man (1999) #700 (coipel variant)
6807;amazing spider-man (1963) #392
29544;amazing spider-man (1999) #601 (2nd printing variant)
6647;amazing spider-man (1963) #248
441;amazing spider-man (1999) #506
47983;amazing spider-man (2014) #1.4
6487;amazing spider-man (1963) #103
35529;amazing spider-man (1999) #669
6823;amazing spider-man (1963) #406
30309;amazing spider-man (1999) #634
6663;amazing spider-man (1963) #262
2451;amazing spider-man (1999) #524
50316;amazing spider-man (2014) #9 (wamester marvel animation spider-verse variant)
6503;amazing spider-man (1963) #118
35523;amazing spider-man (1999) #672
6839;amazing spider-man (1963) #420
30325;amazing spider-man (1999) #650
6679;amazing spider-man (1963) #277
290;amazing spider-man (1999) #503
51319;amazing spider-man (2014) #13 (larroca welcome home variant)
6519;amazing spider-man (1963) #132
40113;amazing spider-man (1999) #687
6855;amazing spider-man (1963) #435
32536;amazing spider-man (1999) #634 (villain variant)
6695;amazing spider-man (1963) #291
17341;amazing spider-man (1999) #548
53188;amazing spider-man (2014) #17 (avengers variant)
6535;amazing spider-man (1963) #147
43153;amazing spider-man (1999) #692 (martin 70s variant)
6871;amazing spider-man (1963) #52
33628;amazing spider-man (1999) #637 (50/50 variant)
6711;amazing spider-man (1963) #305
21174;amazing spider-man (1999) #560
6551;amazing spider-man (1963) #161
49109;amazing spider-man (1999) #700.5
6887;amazing spider-man (1963) #67
34443;amazing spider-man (1999) #638 (sketch variant)
6727;amazing spider-man (1963) #32
22260;amazing spider-man (1999) #573 (villain (50/50 cover))
6567;amazing spider-man (1963) #176
6903;amazing spider-man (1963) #81
23567;amazing spider-man (1999) #587
6583;amazing spider-man (1963) #190
6919;amazing spider-man (1963) #96
40120;amazing spider-man (1999) #698
6759;amazing spider-man (1963) #349
24405;amazing spider-man (1999) #598
6599;amazing spider-man (1963) #204
40025;amazing spider-man (1999) #665 (amazing spider-man 665 i am captain america variant)
6775;amazing spider-man (1963) #363
24421;amazing spider-man (1999) #614
6615;amazing spider-man (1963) #219
40109;amazing spider-man (1999) #684
6791;amazing spider-man (1963) #378
22864;amazing spider-man (1999) #581 (villain variant)
6578;amazing spider-man (1963) #186
6914;amazing spider-man (1963) #91
37902;amazing spider-man (1999) #7
6754;amazing spider-man (1963) #344
24136;amazing spider-man (1999) #595 (granov variant)
6594;amazing spider-man (1963) #20
38843;amazing spider-man (1999) #650 (2nd printing variant)
6770;amazing spider-man (1963) #359
24416;amazing spider-man (1999) #609
6610;amazing spider-man (1963) #214
43165;amazing spider-man (1999) #52
6786;amazing spider-man (1963) #373
47631;amazing spider-man (1999) #700 (camuncoli 3rd printing variant)
6626;amazing spider-man (1963) #229
48443;amazing spider-man (1999) #20
6802;amazing spider-man (1963) #388
28631;amazing spider-man (1999) #596 (2nd printing variant)
6642;amazing spider-man (1963) #243
277;amazing spider-man (1999) #500
49722;amazing spider-man (2014) #1 (opena variant)
6482;amazing spider-man (1963) #1
40884;amazing spider-man (1999) #657 (2nd printing variant)
6818;amazing spider-man (1963) #401
6546;amazing spider-man (1963) #157
40127;amazing spider-man (1999) #697
6882;amazing spider-man (1963) #62
34135;amazing spider-man (1999) #648
6722;amazing spider-man (1963) #315
21930;amazing spider-man (1999) #572
6562;amazing spider-man (1963) #171
6898;amazing spider-man (1963) #77
35521;amazing spider-man (1999) #654
6738;amazing spider-man (1963) #33
6907;amazing spider-man (1963) #85
37493;amazing spider-man (1999) #639 (variant)
6747;amazing spider-man (1963) #338
23739;amazing spider-man (1999) #589
6587;amazing spider-man (1963) #194
38625;amazing spider-man (1999) #656 (captain america 70th anniversary variant)
6763;amazing spider-man (1963) #352
24409;amazing spider-man (1999) #602
6603;amazing spider-man (1963) #208
39275;amazing spider-man (1999) #651 (2nd printing variant)
6779;amazing spider-man (1963) #367
24425;amazing spider-man (1999) #618
6619;amazing spider-man (1963) #222
48524;amazing spider-man (1999) #28
6795;amazing spider-man (1963) #381
27904;amazing spider-man (1999) #602 (70th frame variant)
6635;amazing spider-man (1963) #237
50110;amazing spider-man (2014) #3 (sale variant)
43170;amazing spider-man (1999) #57
6811;amazing spider-man (1963) #396
29555;amazing spider-man (1999) #612 (granov 50/50 cover)
6651;amazing spider-man (1963) #251
721;amazing spider-man (1999) #509
50447;amazing spider-man (2014) #4 (bianchi variant)
6491;amazing spider-man (1963) #107
35491;amazing spider-man (1999) #677
6827;amazing spider-man (1963) #41
30313;amazing spider-man (1999) #638
6667;amazing spider-man (1963) #266
3132;amazing spider-man (1999) #527
45810;amazing spider-man (2014) #11
6507;amazing spider-man (1963) #121
42446;amazing spider-man (1999) #697 (asm 50th anniversary variant)
6843;amazing spider-man (1963) #424
30716;amazing spider-man (1999) #617 (something is coming variant)
6683;amazing spider-man (1963) #280
5960;amazing spider-man (1999) #539
51323;amazing spider-man (2014) #14 (noto variant)
6523;amazing spider-man (1963) #136
43132;amazing spider-man (1999) #35
6859;amazing spider-man (1963) #439
47348;amazing spider-man (1999) #698 (3rd printing variant)
6699;amazing spider-man (1963) #295
17583;amazing spider-man (1999) #551
53538;amazing spider-man (2014) #18.1 (land variant)
6539;amazing spider-man (1963) #150
43160;amazing spider-man (1999) #47
6875;amazing spider-man (1963) #56
44623;amazing spider-man (1999) #700 (martin variant)
6715;amazing spider-man (1963) #309
21502;amazing spider-man (1999) #564
6555;amazing spider-man (1963) #165
6891;amazing spider-man (1963) #70
35517;amazing spider-man (1999) #655
6731;amazing spider-man (1963) #323
22466;amazing spider-man (1999) #576
6571;amazing spider-man (1963) #18
39019;amazing spider-man (1999) #658
6740;amazing spider-man (1963) #331
23076;amazing spider-man (1999) #582
6580;amazing spider-man (1963) #188
6916;amazing spider-man (1963) #93
37904;amazing spider-man (1999) #9
6756;amazing spider-man (1963) #346
24402;amazing spider-man (1999) #592 (wolverine art variant)
6596;amazing spider-man (1963) #201
35501;amazing spider-man (1999) #663
6772;amazing spider-man (1963) #360
24418;amazing spider-man (1999) #611
6612;amazing spider-man (1963) #216
42448;amazing spider-man (1999) #693 (asm 50th anniversary variant)
6788;amazing spider-man (1963) #375
47160;amazing spider-man (1999) #699.1
6628;amazing spider-man (1963) #230
40115;amazing spider-man (1999) #686
6804;amazing spider-man (1963) #39
28710;amazing spider-man (1999) #612 (variant)
6644;amazing spider-man (1963) #245
392;amazing spider-man (1999) #502
49719;amazing spider-man (2014) #1 (blank cover variant)
6484;amazing spider-man (1963) #100
40882;amazing spider-man (1999) #659 (2nd printing variant)
6820;amazing spider-man (1963) #403
30306;amazing spider-man (1999) #631
6660;amazing spider-man (1963) #26
1966;amazing spider-man (1999) #520
45811;amazing spider-man (2014) #12
6500;amazing spider-man (1963) #115
48433;amazing spider-man (1999) #18
6836;amazing spider-man (1963) #418
30322;amazing spider-man (1999) #647
6676;amazing spider-man (1963) #274
5094;amazing spider-man (1999) #536
51320;amazing spider-man (2014) #14
6516;amazing spider-man (1963) #13
22263;amazing spider-man (1999) #575
6570;amazing spider-man (1963) #179
6906;amazing spider-man (1963) #84
36664;amazing spider-man (1999) #642 (jrsr variant)
6746;amazing spider-man (1963) #337
23738;amazing spider-man (1999) #588
6586;amazing spider-man (1963) #193
6922;amazing spider-man (1963) #99
39041;amazing spider-man (1999) #661 (x-men art variant)
6762;amazing spider-man (1963) #351
24408;amazing spider-man (1999) #601
6602;amazing spider-man (1963) #207
35534;amazing spider-man (1999) #662
6778;amazing spider-man (1963) #366
24424;amazing spider-man (1999) #617
6618;amazing spider-man (1963) #221
48525;amazing spider-man (1999) #29
6794;amazing spider-man (1963) #380
27813;amazing spider-man (1999) #599 (70s decade variant)
6634;amazing spider-man (1963) #236
50049;amazing spider-man (2014) #1.2 (ferry variant)
43169;amazing spider-man (1999) #56
6810;amazing spider-man (1963) #395
29547;amazing spider-man (1999) #617 (villain variant)
6650;amazing spider-man (1963) #250
643;amazing spider-man (1999) #508
45802;amazing spider-man (2014) #3
6490;amazing spider-man (1963) #106
40116;amazing spider-man (1999) #685
6826;amazing spider-man (1963) #409
30312;amazing spider-man (1999) #637
6666;amazing spider-man (1963) #265
3020;amazing spider-man (1999) #526
43128;amazing spider-man (1999) #33
6835;amazing spider-man (1963) #417
30321;amazing spider-man (1999) #646
6675;amazing spider-man (1963) #273
4806;amazing spider-man (1999) #535
50319;amazing spider-man (2014) #12 (wamester marvel animation spider-&#8203
6515;amazing spider-man (1963) #129
40121;amazing spider-man (1999) #690
6851;amazing spider-man (1963) #431
32402;amazing spider-man (1999) #630 (quinones variant)
6691;amazing spider-man (1963) #288
48432;amazing spider-man (1999) #17
53057;amazing spider-man (2014) #16 (doyle wom variant)
6531;amazing spider-man (1963) #143
43148;amazing spider-man (1999) #44
6867;amazing spider-man (1963) #49
33330;amazing spider-man (1999) #633 (heroic age variant)
6707;amazing spider-man (1963) #301
20964;amazing spider-man (1999) #557
6547;amazing spider-man (1963) #158
49453;amazing spider-man (1999) #700.1
6883;amazing spider-man (1963) #63
44622;amazing spider-man (1999) #700 (ditko variant)
6723;amazing spider-man (1963) #316
21931;amazing spider-man (1999) #571
6563;amazing spider-man (1963) #172
6899;amazing spider-man (1963) #78
35606;amazing spider-man (1999) #640 (sketch variant)
6739;amazing spider-man (1963) #330
22865;amazing spider-man (1999) #581
6579;amazing spider-man (1963) #187
6915;amazing spider-man (1963) #92
37903;amazing spider-man (1999) #8
6755;amazing spider-man (1963) #345
27905;amazing spider-man (1999) #603 (70th frame variant)
6595;amazing spider-man (1963) #200
38844;amazing spider-man (1999) #648 (2nd printing variant)
6771;amazing spider-man (1963) #36
24417;amazing spider-man (1999) #610
6611;amazing spider-man (1963) #215
43166;amazing spider-man (1999) #53
6787;amazing spider-man (1963) #374
46995;amazing spider-man (1999) #700 (quesada wraparound sketch variant)
6627;amazing spider-man (1963) #23
48434;amazing spider-man (1999) #19
6803;amazing spider-man (1963) #389
28632;amazing spider-man (1999) #597 (2nd printing variant)
6643;amazing spider-man (1963) #244
322;amazing spider-man (1999) #501
49721;amazing spider-man (2014) #1 (opena sketch variant)
6483;amazing spider-man (1963) #10
40883;amazing spider-man (1999) #658 (2nd printing variant)
6819;amazing spider-man (1963) #402
30305;amazing spider-man (1999) #630
6659;amazing spider-man (1963) #259
1868;amazing spider-man (1999) #519
45807;amazing spider-man (2014) #8
6499;amazing spider-man (1963) #114
3360;amazing spider-man (1999) #528
51315;amazing spider-man (2014) #10 (wamester marvel animation spider-&#8203
6508;amazing spider-man (1963) #122
42473;amazing spider-man (1999) #684 (gabriele dell'otto variant )
6844;amazing spider-man (1963) #425
35497;amazing spider-man (1999) #657
6684;amazing spider-man (1963) #281
6174;amazing spider-man (1999) #540
51322;amazing spider-man (2014) #14 (wamester marvel animation spider-&#8203
42469;amazing spider-man (1999) #685 (dell'otto variant)
6853;amazing spider-man (1963) #433
39595;amazing spider-man (1999) #654 (2nd printing variant)
6693;amazing spider-man (1963) #29
17339;amazing spider-man (1999) #546 (hitch variant)
51327;amazing spider-man (2014) #16.1
6533;amazing spider-man (1963) #145
43151;amazing spider-man (1999) #692 (martin 90s variant)
6869;amazing spider-man (1963) #50
33626;amazing spider-man (1999) #635 (50/50 variant)
6709;amazing spider-man (1963) #303
21172;amazing spider-man (1999) #558
6549;amazing spider-man (1963) #16
49454;amazing spider-man (1999) #700.2
6885;amazing spider-man (1963) #65
37186;amazing spider-man (1999) #637 (2nd printing variant)
6725;amazing spider-man (1963) #318
21933;amazing spider-man (1999) #570 (monkey variant (1 for 10))
6565;amazing spider-man (1963) #174
6629;amazing spider-man (1963) #231
35513;amazing spider-man (1999) #666
6805;amazing spider-man (1963) #390
39276;amazing spider-man (1999) #652 (2nd printing variant)
6645;amazing spider-man (1963) #246
6;amazing spider-man (1999) #514
49847;amazing spider-man (2014) #1 (young variant)
6485;amazing spider-man (1963) #101
42642;amazing spider-man (1999) #688 (lizard variant)
6821;amazing spider-man (1963) #404
30307;amazing spider-man (1999) #632
6661;amazing spider-man (1963) #260
2069;amazing spider-man (1999) #521
17748;a-next (1998) #7
17741;a-next (1998) #11
17750;a-next (1998) #9
37406;age of ultron (2013) #4
48064;age of ultron (2013) #3 (2nd printing variant)
47020;age of ultron (2013) #9 (molina variant)
46998;age of ultron (2013) #1 (djurdjevic variant)
47002;age of ultron (2013) #2 (yoon variant)
45907;age of ultron (2013) #9
47019;age of ultron (2013) #8 (ultron variant)
37405;age of ultron (2013) #3
48171;age of ultron (2013) #5 (2nd printing variant)
46997;age of ultron (2013) #1 (blank cover variant)
47008;age of ultron (2013) #3 (lee variant)
37407;age of ultron (2013) #5
